Workbook

Sheet Como usar
A1: Jonatas Magalhães | Consultoria em Dados, Processos e Operações
A2: Ciclo PDCA
B4: Para que serve
C5: Resolver um problema que se repete e melhorar um indicador em quatro fases: Planejar (entender o problema e as causas), Executar (fazer as ações), Verificar (medir o resultado) e Agir (padronizar o que funcionou ou recomeçar).
B7: Passo a passo
B8: 1 | C8: Na aba PDCA, descreva o problema com um fato que dá para medir e escolha o indicador.
B9: 2 | C9: Digite o valor de partida (como está hoje), a meta e o prazo. Diga se, para esse indicador, quanto menor, melhor.
B10: 3 | C10: Na aba Causas, liste as causas prováveis, a categoria e as notas de impacto e de facilidade. Comece pelas de maior prioridade.
B11: 4 | C11: Registre as atividades de cada fase na aba PDCA, com responsável, prazo e status.
B12: 5 | C12: Execute as ações e, durante a execução, lance as medições na aba Acompanhamento.
B13: 6 | C13: Compare o resultado com a meta. Se atingiu, transforme a solução em procedimento (POP). Se não, volte às causas e comece um novo ciclo.
B15: Bom saber
C16: Um ciclo PDCA trata um problema por vez. Para vários problemas, use uma cópia da planilha para cada um.
C17: Meça antes de mudar: sem o valor de partida, não dá para saber se a ação funcionou.
C19: Células nesta cor: você digita. As demais são calculadas e não precisam ser alteradas.
C20: Procedimento de implantação: POP-F04 (baixe junto no painel). Os dados de exemplo são fictícios.
C22: jonatasmag.github.io | chazaq.adm@gmail.com | (47) 98849-9129

Sheet PDCA
A1: Jonatas Magalhães | Consultoria em Dados, Processos e Operações
A2: Ciclo PDCA — melhoria de um indicador
A4: Problema | B4: Clientes esperam muito na fila do caixa no fim da tarde
A5: Indicador | B5: Tempo médio de espera na fila (minutos)
A6: Valor de partida | B6: 9
A7: Meta | B7: 4
A8: Quanto menor, melhor? | B8: Sim
A9: Prazo da meta | B9: 46446
A10: Responsável pelo ciclo | B10: Carla (gerente)
A12: Fase | B12: Atividade | C12: Responsável | D12: Prazo | E12: Status | F12: Evidência ou resultado
A13: P – Planejar | B13: Medir o tempo de espera por 2 semanas, por faixa de horário | C13: Carla (gerente) | D13: 46340 | E13: Concluída | F13: Pico entre 17 h e 19 h: 9 min em média
A14: P – Planejar | B14: Listar as causas e priorizar na aba Causas | C14: Equipe | D14: 46344 | E14: Concluída | F14: 3 causas prioritárias
A15: P – Planejar | B15: Definir as ações e registrar no plano 5W2H | C15: Carla (gerente) | D15: 46347 | E15: Concluída
A16: D – Executar | B16: Abrir o segundo caixa das 17 h às 19 h | C16: Carla (gerente) | D16: 46357 | E16: Em andamento
A17: D – Executar | B17: Treinar operadores em atalhos do sistema | C17: Diego (caixa) | D17: 46361 | E17: Não iniciada
A18: C – Verificar | B18: Medir de novo o tempo de espera por 4 semanas | C18: Carla (gerente) | D18: 46396 | E18: Não iniciada
A19: C – Verificar | B19: Comparar com a meta na aba Acompanhamento | C19: Carla (gerente) | D19: 46399 | E19: Não iniciada
A20: A – Agir | B20: Se atingiu: transformar em POP e treinar todos | C20: Carla (gerente) | D20: 46418 | E20: Não iniciada
A21: A – Agir | B21: Se não atingiu: voltar às causas e iniciar novo ciclo | C21: Carla (gerente) | D21: 46418 | E21: Não iniciada
A34: Andamento por fase
A35: P – Planejar | B35: =IFERROR(COUNTIFS(A13:A32,A35,E13:E32,"Concluída")/COUNTIF(A13:A32,A35),0)
A36: D – Executar | B36: =IFERROR(COUNTIFS(A13:A32,A36,E13:E32,"Concluída")/COUNTIF(A13:A32,A36),0)
A37: C – Verificar | B37: =IFERROR(COUNTIFS(A13:A32,A37,E13:E32,"Concluída")/COUNTIF(A13:A32,A37),0)
A38: A – Agir | B38: =IFERROR(COUNTIFS(A13:A32,A38,E13:E32,"Concluída")/COUNTIF(A13:A32,A38),0)

Sheet Causas
A1: Jonatas Magalhães | Consultoria em Dados, Processos e Operações
A2: Ciclo PDCA — causas do problema
A4: Causa provável | B4: Categoria (6M) | C4: Impacto (1 a 5) | D4: Facilidade de resolver (1 a 5) | E4: Prioridade | F4: Ordem
A5: Só um caixa aberto no horário de pico | B5: Mão de obra | C5: 5 | D5: 4 | E5: =IF(OR(C5="",D5=""),"",C5*D5) | F5: =IF(E5="","",COUNTIF($E$5:$E$24,">"&E5)+COUNTIF($E$5:E5,E5))
A6: Operador lento para buscar produto sem código | B6: Método | C6: 4 | D6: 4 | E6: =IF(OR(C6="",D6=""),"",C6*D6) | F6: =IF(E6="","",COUNTIF($E$5:$E$24,">"&E6)+COUNTIF($E$5:E6,E6))
A7: Leitor de código de barras falha | B7: Máquina | C7: 3 | D7: 3 | E7: =IF(OR(C7="",D7=""),"",C7*D7) | F7: =IF(E7="","",COUNTIF($E$5:$E$24,">"&E7)+COUNTIF($E$5:E7,E7))
A8: Pagamentos em dinheiro com troco demorado | B8: Método | C8: 2 | D8: 3 | E8: =IF(OR(C8="",D8=""),"",C8*D8) | F8: =IF(E8="","",COUNTIF($E$5:$E$24,">"&E8)+COUNTIF($E$5:E8,E8))
A9: Falta de etiqueta de preço gera consulta | B9: Material | C9: 3 | D9: 5 | E9: =IF(OR(C9="",D9=""),"",C9*D9) | F9: =IF(E9="","",COUNTIF($E$5:$E$24,">"&E9)+COUNTIF($E$5:E9,E9))
A10: Fila desorganizada perto da porta | B10: Meio ambiente | C10: 2 | D10: 4 | E10: =IF(OR(C10="",D10=""),"",C10*D10) | F10: =IF(E10="","",COUNTIF($E$5:$E$24,">"&E10)+COUNTIF($E$5:E10,E10))
E11: =IF(OR(C11="",D11=""),"",C11*D11) | F11: =IF(E11="","",COUNTIF($E$5:$E$24,">"&E11)+COUNTIF($E$5:E11,E11))
E12: =IF(OR(C12="",D12=""),"",C12*D12) | F12: =IF(E12="","",COUNTIF($E$5:$E$24,">"&E12)+COUNTIF($E$5:E12,E12))
E13: =IF(OR(C13="",D13=""),"",C13*D13) | F13: =IF(E13="","",COUNTIF($E$5:$E$24,">"&E13)+COUNTIF($E$5:E13,E13))
E14: =IF(OR(C14="",D14=""),"",C14*D14) | F14: =IF(E14="","",COUNTIF($E$5:$E$24,">"&E14)+COUNTIF($E$5:E14,E14))
E15: =IF(OR(C15="",D15=""),"",C15*D15) | F15: =IF(E15="","",COUNTIF($E$5:$E$24,">"&E15)+COUNTIF($E$5:E15,E15))
E16: =IF(OR(C16="",D16=""),"",C16*D16) | F16: =IF(E16="","",COUNTIF($E$5:$E$24,">"&E16)+COUNTIF($E$5:E16,E16))
E17: =IF(OR(C17="",D17=""),"",C17*D17) | F17: =IF(E17="","",COUNTIF($E$5:$E$24,">"&E17)+COUNTIF($E$5:E17,E17))
E18: =IF(OR(C18="",D18=""),"",C18*D18) | F18: =IF(E18="","",COUNTIF($E$5:$E$24,">"&E18)+COUNTIF($E$5:E18,E18))
E19: =IF(OR(C19="",D19=""),"",C19*D19) | F19: =IF(E19="","",COUNTIF($E$5:$E$24,">"&E19)+COUNTIF($E$5:E19,E19))
E20: =IF(OR(C20="",D20=""),"",C20*D20) | F20: =IF(E20="","",COUNTIF($E$5:$E$24,">"&E20)+COUNTIF($E$5:E20,E20))
E21: =IF(OR(C21="",D21=""),"",C21*D21) | F21: =IF(E21="","",COUNTIF($E$5:$E$24,">"&E21)+COUNTIF($E$5:E21,E21))
E22: =IF(OR(C22="",D22=""),"",C22*D22) | F22: =IF(E22="","",COUNTIF($E$5:$E$24,">"&E22)+COUNTIF($E$5:E22,E22))
... E24: =IF(OR(C24="",D24=""),"",C24*D24) | F24: =IF(E24="","",COUNTIF($E$5:$E$24,">"&E24)+COUNTIF($E$5:E24,E24))
A26: Prioridade = impacto × facilidade. Comece pelas causas de maior prioridade (ordem 1, 2, 3).

Sheet Acompanhamento
A1: Jonatas Magalhães | Consultoria em Dados, Processos e Operações
A2: Ciclo PDCA — indicador medido contra a meta
A4: Período | B4: Meta | C4: Resultado | D4: Diferença | E4: Atingiu a meta?
A5: Semana 1 | B5: =IF(A5="","",PDCA!$B$7) | C5: 9.2 | D5: =IF(C5="","",C5-B5) | E5: =IF(C5="","",IF(PDCA!$B$8="Sim",IF(C5<=B5,"Sim","Não"),IF(C5>=B5,"Sim","Não")))
A6: Semana 2 | B6: =IF(A6="","",PDCA!$B$7) | C6: 8.8 | D6: =IF(C6="","",C6-B6) | E6: =IF(C6="","",IF(PDCA!$B$8="Sim",IF(C6<=B6,"Sim","Não"),IF(C6>=B6,"Sim","Não")))
A7: Semana 3 | B7: =IF(A7="","",PDCA!$B$7) | C7: 7.1 | D7: =IF(C7="","",C7-B7) | E7: =IF(C7="","",IF(PDCA!$B$8="Sim",IF(C7<=B7,"Sim","Não"),IF(C7>=B7,"Sim","Não")))
A8: Semana 4 | B8: =IF(A8="","",PDCA!$B$7) | C8: 6 | D8: =IF(C8="","",C8-B8) | E8: =IF(C8="","",IF(PDCA!$B$8="Sim",IF(C8<=B8,"Sim","Não"),IF(C8>=B8,"Sim","Não")))
A9: Semana 5 | B9: =IF(A9="","",PDCA!$B$7) | C9: 5.2 | D9: =IF(C9="","",C9-B9) | E9: =IF(C9="","",IF(PDCA!$B$8="Sim",IF(C9<=B9,"Sim","Não"),IF(C9>=B9,"Sim","Não")))
A10: Semana 6 | B10: =IF(A10="","",PDCA!$B$7) | C10: 4.6 | D10: =IF(C10="","",C10-B10) | E10: =IF(C10="","",IF(PDCA!$B$8="Sim",IF(C10<=B10,"Sim","Não"),IF(C10>=B10,"Sim","Não")))
A11: Semana 7 | B11: =IF(A11="","",PDCA!$B$7) | C11: 4.1 | D11: =IF(C11="","",C11-B11) | E11: =IF(C11="","",IF(PDCA!$B$8="Sim",IF(C11<=B11,"Sim","Não"),IF(C11>=B11,"Sim","Não")))
A12: Semana 8 | B12: =IF(A12="","",PDCA!$B$7) | C12: 3.8 | D12: =IF(C12="","",C12-B12) | E12: =IF(C12="","",IF(PDCA!$B$8="Sim",IF(C12<=B12,"Sim","Não"),IF(C12>=B12,"Sim","Não")))
B13: =IF(A13="","",PDCA!$B$7) | D13: =IF(C13="","",C13-B13) | E13: =IF(C13="","",IF(PDCA!$B$8="Sim",IF(C13<=B13,"Sim","Não"),IF(C13>=B13,"Sim","Não")))
B14: =IF(A14="","",PDCA!$B$7) | D14: =IF(C14="","",C14-B14) | E14: =IF(C14="","",IF(PDCA!$B$8="Sim",IF(C14<=B14,"Sim","Não"),IF(C14>=B14,"Sim","Não")))
B15: =IF(A15="","",PDCA!$B$7) | D15: =IF(C15="","",C15-B15) | E15: =IF(C15="","",IF(PDCA!$B$8="Sim",IF(C15<=B15,"Sim","Não"),IF(C15>=B15,"Sim","Não")))
B16: =IF(A16="","",PDCA!$B$7) | D16: =IF(C16="","",C16-B16) | E16: =IF(C16="","",IF(PDCA!$B$8="Sim",IF(C16<=B16,"Sim","Não"),IF(C16>=B16,"Sim","Não")))
B17: =IF(A17="","",PDCA!$B$7) | D17: =IF(C17="","",C17-B17) | E17: =IF(C17="","",IF(PDCA!$B$8="Sim",IF(C17<=B17,"Sim","Não"),IF(C17>=B17,"Sim","Não")))
B18: =IF(A18="","",PDCA!$B$7) | D18: =IF(C18="","",C18-B18) | E18: =IF(C18="","",IF(PDCA!$B$8="Sim",IF(C18<=B18,"Sim","Não"),IF(C18>=B18,"Sim","Não")))
B19: =IF(A19="","",PDCA!$B$7) | D19: =IF(C19="","",C19-B19) | E19: =IF(C19="","",IF(PDCA!$B$8="Sim",IF(C19<=B19,"Sim","Não"),IF(C19>=B19,"Sim","Não")))
B20: =IF(A20="","",PDCA!$B$7) | D20: =IF(C20="","",C20-B20) | E20: =IF(C20="","",IF(PDCA!$B$8="Sim",IF(C20<=B20,"Sim","Não"),IF(C20>=B20,"Sim","Não")))
B21: =IF(A21="","",PDCA!$B$7) | D21: =IF(C21="","",C21-B21) | E21: =IF(C21="","",IF(PDCA!$B$8="Sim",IF(C21<=B21,"Sim","Não"),IF(C21>=B21,"Sim","Não")))
B22: =IF(A22="","",PDCA!$B$7) | D22: =IF(C22="","",C22-B22) | E22: =IF(C22="","",IF(PDCA!$B$8="Sim",IF(C22<=B22,"Sim","Não"),IF(C22>=B22,"Sim","Não")))
B23: =IF(A23="","",PDCA!$B$7) | D23: =IF(C23="","",C23-B23) | E23: =IF(C23="","",IF(PDCA!$B$8="Sim",IF(C23<=B23,"Sim","Não"),IF(C23>=B23,"Sim","Não")))
B24: =IF(A24="","",PDCA!$B$7) | D24: =IF(C24="","",C24-B24) | E24: =IF(C24="","",IF(PDCA!$B$8="Sim",IF(C24<=B24,"Sim","Não"),IF(C24>=B24,"Sim","Não")))
... B28: =IF(A28="","",PDCA!$B$7) | D28: =IF(C28="","",C28-B28) | E28: =IF(C28="","",IF(PDCA!$B$8="Sim",IF(C28<=B28,"Sim","Não"),IF(C28>=B28,"Sim","Não")))
