Workbook

Sheet Como usar
A1: Jonatas Magalhães | Consultoria em Dados, Processos e Operações
A2: Plano de ação 5W2H
B4: Para que serve
C5: Transformar uma meta em ações concretas, com responsável, prazo, local, método e custo definidos, e acompanhar o andamento até a conclusão.
B7: Passo a passo
B8: 1 | C8: Escreva a meta do plano no título (linha 2 da aba Plano de ação).
B9: 2 | C9: Para cada ação, responda as 7 perguntas: o quê, por quê, onde, quem, quando, como e quanto custa.
B10: 3 | C10: Use um responsável por ação, com o nome escrito sempre do mesmo jeito.
B11: 4 | C11: Atualize a coluna Status toda semana. Ao concluir, digite a data de conclusão.
B12: 5 | C12: A coluna Situação avisa sozinha o que está atrasado ou vence nos próximos 7 dias.
B13: 6 | C13: Na aba Resumo, digite os nomes dos responsáveis para ver as ações e os atrasos de cada um.
B14: 7 | C14: Leve a aba Resumo para a reunião semanal e decida o que fazer com cada ação atrasada.
B16: Bom saber
C17: Ação boa começa com verbo e cabe numa frase: "Treinar a equipe no recebimento".
C18: Prazo sem data não é prazo. Se não souber a data exata, combine uma data de revisão.
C19: Os dados de exemplo usam datas de nov./2026 a jan./2027; a situação muda conforme a data de hoje.
C21: Células nesta cor: você digita. As demais são calculadas e não precisam ser alteradas.
C22: Procedimento de implantação: POP-F02 (baixe junto no painel). Os dados de exemplo são fictícios.
C24: jonatasmag.github.io | chazaq.adm@gmail.com | (47) 98849-9129

Sheet Plano de ação
A1: Jonatas Magalhães | Consultoria em Dados, Processos e Operações
A2: Plano de ação 5W2H — objetivo: reduzir a ruptura de estoque para menos de 5%
A4: Nº | B4: O quê (What) | C4: Por quê (Why) | D4: Onde (Where) | E4: Quem (Who) | F4: Início | G4: Prazo (When) | H4: Como (How) | I4: Quanto custa (How much) | J4: Status | K4: Concluída em | L4: Situação | M4: Dias para o prazo
A5: 1 | B5: Classificar os produtos na curva ABC | C5: Saber quais itens contar e comprar com mais atenção | D5: Estoque | E5: Ana (estoque) | F5: 46329 | G5: 46333 | H5: Exportar as vendas de 12 meses e ordenar por valor | I5: 0 | J5: Concluída | K5: 46332 | L5: =IF(B5="","",IF(J5="Concluída","Concluída",IF(J5="Cancelada","Cancelada",IF(G5="","Sem prazo",IF(G5<TODAY(),"Atrasada",IF(G5-TODAY()<=7,"Vence em 7 dias","No prazo")))))) | M5: =IF(OR(B5="",G5="",J5="Concluída",J5="Cancelada"),"",G5-TODAY())
A6: 2 | B6: Definir ponto de pedido dos itens A | C6: Comprar antes de faltar | D6: Compras | E6: Bruno (compras) | F6: 46336 | G6: 46347 | H6: Consumo médio diário × prazo do fornecedor + estoque de segurança | I6: 0 | J6: Em andamento | L6: =IF(B6="","",IF(J6="Concluída","Concluída",IF(J6="Cancelada","Cancelada",IF(G6="","Sem prazo",IF(G6<TODAY(),"Atrasada",IF(G6-TODAY()<=7,"Vence em 7 dias","No prazo")))))) | M6: =IF(OR(B6="",G6="",J6="Concluída",J6="Cancelada"),"",G6-TODAY())
A7: 3 | B7: Implantar contagem rotativa semanal | C7: Manter o estoque do sistema igual ao físico | D7: Estoque | E7: Ana (estoque) | F7: 46336 | G7: 46354 | H7: Seguir o POP de contagem rotativa | I7: 0 | J7: Em andamento | L7: =IF(B7="","",IF(J7="Concluída","Concluída",IF(J7="Cancelada","Cancelada",IF(G7="","Sem prazo",IF(G7<TODAY(),"Atrasada",IF(G7-TODAY()<=7,"Vence em 7 dias","No prazo")))))) | M7: =IF(OR(B7="",G7="",J7="Concluída",J7="Cancelada"),"",G7-TODAY())
A8: 4 | B8: Treinar a equipe no recebimento | C8: Evitar entradas erradas no sistema | D8: Depósito | E8: Carla (gerente) | F8: 46343 | G8: 46345 | H8: Treinamento de 2 horas com o POP de recebimento | I8: 300 | J8: Não iniciada | L8: =IF(B8="","",IF(J8="Concluída","Concluída",IF(J8="Cancelada","Cancelada",IF(G8="","Sem prazo",IF(G8<TODAY(),"Atrasada",IF(G8-TODAY()<=7,"Vence em 7 dias","No prazo")))))) | M8: =IF(OR(B8="",G8="",J8="Concluída",J8="Cancelada"),"",G8-TODAY())
A9: 5 | B9: Renegociar prazo com 3 fornecedores | C9: Reduzir o tempo de reposição | D9: Compras | E9: Bruno (compras) | F9: 46350 | G9: 46368 | H9: Reunião com cada fornecedor levando o histórico de atrasos | I9: 0 | J9: Não iniciada | L9: =IF(B9="","",IF(J9="Concluída","Concluída",IF(J9="Cancelada","Cancelada",IF(G9="","Sem prazo",IF(G9<TODAY(),"Atrasada",IF(G9-TODAY()<=7,"Vence em 7 dias","No prazo")))))) | M9: =IF(OR(B9="",G9="",J9="Concluída",J9="Cancelada"),"",G9-TODAY())
A10: 6 | B10: Criar painel de ruptura semanal | C10: Acompanhar o resultado toda semana | D10: Escritório | E10: Carla (gerente) | F10: 46357 | G10: 46368 | H10: Planilha de estoque ligada a um dashboard simples | I10: 800 | J10: Não iniciada | L10: =IF(B10="","",IF(J10="Concluída","Concluída",IF(J10="Cancelada","Cancelada",IF(G10="","Sem prazo",IF(G10<TODAY(),"Atrasada",IF(G10-TODAY()<=7,"Vence em 7 dias","No prazo")))))) | M10: =IF(OR(B10="",G10="",J10="Concluída",J10="Cancelada"),"",G10-TODAY())
A11: 7 | B11: Revisar o leiaute do depósito | C11: Achar e conferir produtos mais rápido | D11: Depósito | E11: Ana (estoque) | F11: 46364 | G11: 46403 | H11: Endereçar prateleiras e separar por curva ABC | I11: 1500 | J11: Não iniciada | L11: =IF(B11="","",IF(J11="Concluída","Concluída",IF(J11="Cancelada","Cancelada",IF(G11="","Sem prazo",IF(G11<TODAY(),"Atrasada",IF(G11-TODAY()<=7,"Vence em 7 dias","No prazo")))))) | M11: =IF(OR(B11="",G11="",J11="Concluída",J11="Cancelada"),"",G11-TODAY())
A12: 8 | B12: Reunião mensal de resultados | C12: Corrigir o que não funcionou | D12: Escritório | E12: Carla (gerente) | F12: 46392 | G12: 46392 | H12: Comparar ruptura antes e depois e definir novas ações | I12: 0 | J12: Não iniciada | L12: =IF(B12="","",IF(J12="Concluída","Concluída",IF(J12="Cancelada","Cancelada",IF(G12="","Sem prazo",IF(G12<TODAY(),"Atrasada",IF(G12-TODAY()<=7,"Vence em 7 dias","No prazo")))))) | M12: =IF(OR(B12="",G12="",J12="Concluída",J12="Cancelada"),"",G12-TODAY())
A13: 9 | L13: =IF(B13="","",IF(J13="Concluída","Concluída",IF(J13="Cancelada","Cancelada",IF(G13="","Sem prazo",IF(G13<TODAY(),"Atrasada",IF(G13-TODAY()<=7,"Vence em 7 dias","No prazo")))))) | M13: =IF(OR(B13="",G13="",J13="Concluída",J13="Cancelada"),"",G13-TODAY())
A14: 10 | L14: =IF(B14="","",IF(J14="Concluída","Concluída",IF(J14="Cancelada","Cancelada",IF(G14="","Sem prazo",IF(G14<TODAY(),"Atrasada",IF(G14-TODAY()<=7,"Vence em 7 dias","No prazo")))))) | M14: =IF(OR(B14="",G14="",J14="Concluída",J14="Cancelada"),"",G14-TODAY())
A15: 11 | L15: =IF(B15="","",IF(J15="Concluída","Concluída",IF(J15="Cancelada","Cancelada",IF(G15="","Sem prazo",IF(G15<TODAY(),"Atrasada",IF(G15-TODAY()<=7,"Vence em 7 dias","No prazo")))))) | M15: =IF(OR(B15="",G15="",J15="Concluída",J15="Cancelada"),"",G15-TODAY())
A16: 12 | L16: =IF(B16="","",IF(J16="Concluída","Concluída",IF(J16="Cancelada","Cancelada",IF(G16="","Sem prazo",IF(G16<TODAY(),"Atrasada",IF(G16-TODAY()<=7,"Vence em 7 dias","No prazo")))))) | M16: =IF(OR(B16="",G16="",J16="Concluída",J16="Cancelada"),"",G16-TODAY())
A17: 13 | L17: =IF(B17="","",IF(J17="Concluída","Concluída",IF(J17="Cancelada","Cancelada",IF(G17="","Sem prazo",IF(G17<TODAY(),"Atrasada",IF(G17-TODAY()<=7,"Vence em 7 dias","No prazo")))))) | M17: =IF(OR(B17="",G17="",J17="Concluída",J17="Cancelada"),"",G17-TODAY())
A18: 14 | L18: =IF(B18="","",IF(J18="Concluída","Concluída",IF(J18="Cancelada","Cancelada",IF(G18="","Sem prazo",IF(G18<TODAY(),"Atrasada",IF(G18-TODAY()<=7,"Vence em 7 dias","No prazo")))))) | M18: =IF(OR(B18="",G18="",J18="Concluída",J18="Cancelada"),"",G18-TODAY())
A19: 15 | L19: =IF(B19="","",IF(J19="Concluída","Concluída",IF(J19="Cancelada","Cancelada",IF(G19="","Sem prazo",IF(G19<TODAY(),"Atrasada",IF(G19-TODAY()<=7,"Vence em 7 dias","No prazo")))))) | M19: =IF(OR(B19="",G19="",J19="Concluída",J19="Cancelada"),"",G19-TODAY())
A20: 16 | L20: =IF(B20="","",IF(J20="Concluída","Concluída",IF(J20="Cancelada","Cancelada",IF(G20="","Sem prazo",IF(G20<TODAY(),"Atrasada",IF(G20-TODAY()<=7,"Vence em 7 dias","No prazo")))))) | M20: =IF(OR(B20="",G20="",J20="Concluída",J20="Cancelada"),"",G20-TODAY())
A21: 17 | L21: =IF(B21="","",IF(J21="Concluída","Concluída",IF(J21="Cancelada","Cancelada",IF(G21="","Sem prazo",IF(G21<TODAY(),"Atrasada",IF(G21-TODAY()<=7,"Vence em 7 dias","No prazo")))))) | M21: =IF(OR(B21="",G21="",J21="Concluída",J21="Cancelada"),"",G21-TODAY())
A22: 18 | L22: =IF(B22="","",IF(J22="Concluída","Concluída",IF(J22="Cancelada","Cancelada",IF(G22="","Sem prazo",IF(G22<TODAY(),"Atrasada",IF(G22-TODAY()<=7,"Vence em 7 dias","No prazo")))))) | M22: =IF(OR(B22="",G22="",J22="Concluída",J22="Cancelada"),"",G22-TODAY())
A23: 19 | L23: =IF(B23="","",IF(J23="Concluída","Concluída",IF(J23="Cancelada","Cancelada",IF(G23="","Sem prazo",IF(G23<TODAY(),"Atrasada",IF(G23-TODAY()<=7,"Vence em 7 dias","No prazo")))))) | M23: =IF(OR(B23="",G23="",J23="Concluída",J23="Cancelada"),"",G23-TODAY())
A24: 20 | L24: =IF(B24="","",IF(J24="Concluída","Concluída",IF(J24="Cancelada","Cancelada",IF(G24="","Sem prazo",IF(G24<TODAY(),"Atrasada",IF(G24-TODAY()<=7,"Vence em 7 dias","No prazo")))))) | M24: =IF(OR(B24="",G24="",J24="Concluída",J24="Cancelada"),"",G24-TODAY())
... A44: 40 | L44: =IF(B44="","",IF(J44="Concluída","Concluída",IF(J44="Cancelada","Cancelada",IF(G44="","Sem prazo",IF(G44<TODAY(),"Atrasada",IF(G44-TODAY()<=7,"Vence em 7 dias","No prazo")))))) | M44: =IF(OR(B44="",G44="",J44="Concluída",J44="Cancelada"),"",G44-TODAY())

Sheet Resumo
A1: Jonatas Magalhães | Consultoria em Dados, Processos e Operações
A2: Plano de ação 5W2H — resumo do andamento
A5: Ações cadastradas | B5: =COUNTA('Plano de ação'!B5:B44)
A6: Concluídas | B6: =COUNTIF('Plano de ação'!L5:L44,"Concluída")
A7: Atrasadas | B7: =COUNTIF('Plano de ação'!L5:L44,"Atrasada")
A8: Vencem em 7 dias | B8: =COUNTIF('Plano de ação'!L5:L44,"Vence em 7 dias")
A9: Percentual concluído | B9: =IFERROR(B6/(B5-COUNTIF('Plano de ação'!L5:L44,"Cancelada")),0)
A10: Custo total previsto | B10: =SUM('Plano de ação'!I5:I44)
A11: Custo das ações concluídas | B11: =SUMIF('Plano de ação'!L5:L44,"Concluída",'Plano de ação'!I5:I44)
A13: Responsável | B13: Ações | C13: Atrasadas
A14: Ana (estoque) | B14: =IF(A14="","",COUNTIF('Plano de ação'!E5:E44,A14)) | C14: =IF(A14="","",COUNTIFS('Plano de ação'!E5:E44,A14,'Plano de ação'!L5:L44,"Atrasada"))
A15: Bruno (compras) | B15: =IF(A15="","",COUNTIF('Plano de ação'!E5:E44,A15)) | C15: =IF(A15="","",COUNTIFS('Plano de ação'!E5:E44,A15,'Plano de ação'!L5:L44,"Atrasada"))
A16: Carla (gerente) | B16: =IF(A16="","",COUNTIF('Plano de ação'!E5:E44,A16)) | C16: =IF(A16="","",COUNTIFS('Plano de ação'!E5:E44,A16,'Plano de ação'!L5:L44,"Atrasada"))
B17: =IF(A17="","",COUNTIF('Plano de ação'!E5:E44,A17)) | C17: =IF(A17="","",COUNTIFS('Plano de ação'!E5:E44,A17,'Plano de ação'!L5:L44,"Atrasada"))
B18: =IF(A18="","",COUNTIF('Plano de ação'!E5:E44,A18)) | C18: =IF(A18="","",COUNTIFS('Plano de ação'!E5:E44,A18,'Plano de ação'!L5:L44,"Atrasada"))
B19: =IF(A19="","",COUNTIF('Plano de ação'!E5:E44,A19)) | C19: =IF(A19="","",COUNTIFS('Plano de ação'!E5:E44,A19,'Plano de ação'!L5:L44,"Atrasada"))
